{
  "bands": [
    "B2",
    "B3",
    "B4",
    "B8",
    "B11",
    "B12",
    "NDVI",
    "EVI",
    "NDWI",
    "NDBI"
  ],
  "mean": [
    0.05247348761459435,
    0.07886049810803605,
    0.07821512474509426,
    0.17997482137380041,
    0.14717411061291485,
    0.09938656575596656,
    0.2670530696064764,
    0.19209437183846112,
    -0.24683981553943052,
    -0.11779052305709135
  ],
  "scale": [
    0.04012664338422124,
    0.04292192275028276,
    0.054293560574110875,
    0.11363863475976482,
    0.10021450702324922,
    0.0784873583187992,
    0.4608887579488108,
    0.2296349406767121,
    0.4485481910929244,
    0.24493287847569692
  ],
  "classes": [
    "1",
    "2",
    "3",
    "4"
  ]
}